{"cameraMode":{"drawMode":0,"name":"Shaded","section":"Shading Mode"},"sceneLighting":true,"audioPlay":false,"sceneViewState":{"m_AlwaysRefresh":false,"showFog":true,"showSkybox":true,"showFlares":true,"showImageEffects":true,"showParticleSystems":true,"showVisualEffectGraphs":true,"m_FxEnabled":true},"in2DMode":false,"pivot":{"x":-0.5401265621185303,"y":3.914252281188965,"z":-15.762543678283692},"rotation":{"x":0.05544768273830414,"y":0.02995038591325283,"z":-0.0016709392657503486,"w":0.9980365633964539},"size":6.906014919281006,"orthographic":true}